,dateRep,cases,deaths,countriesAndTerritories,geoId,popData2019,continentExp,Cumulative_number_for_14_days_of_COVID-19_cases_per_100000,Cum_Cases,Cum_Deaths,flag,driving,transit,walking,Bar,Cafe,Restaurant,Sewing,DIY,Homeschooling,Home_Workout,Tests per 1000 (7DA),deaths18,deaths_pred,deaths_pred_error,cumulative_error
9,2020-01-13,0,0,United_Kingdom,UK,66647112.0,Europe,0.0,0,0,0.0,100.0,100.0,100.0,71,43,48,32,36,10,11,0.0,0.0,22.727467,-22.727466583251953,
24,2020-01-14,0,0,United_Kingdom,UK,66647112.0,Europe,0.0,0,0,0.0,104.86,104.2,106.14,72,39,47,32,34,8,8,0.0,0.0,18.925587,-18.925586700439453,
28,2020-01-15,0,0,United_Kingdom,UK,66647112.0,Europe,0.0,0,0,0.0,106.4,105.37,114.37,70,45,48,31,32,5,8,0.0,0.0,-7.811596,7.811595916748047,
48,2020-01-16,0,0,United_Kingdom,UK,66647112.0,Europe,0.0,0,0,0.0,104.28,103.89,112.59,75,43,49,36,34,7,10,0.0,0.0,42.665455,-42.66545486450195,
63,2020-01-17,0,0,United_Kingdom,UK,66647112.0,Europe,0.0,0,0,0.0,109.27,109.38,128.99,85,46,53,29,33,6,5,0.0,0.0,-1.2472647,1.2472647428512573,
65,2020-01-18,0,0,United_Kingdom,UK,66647112.0,Europe,0.0,0,0,0.0,108.3,115.05,157.81,89,59,67,38,48,5,6,0.0,0.0,65.02459,-65.02458953857422,
82,2020-01-19,0,0,United_Kingdom,UK,66647112.0,Europe,0.0,0,0,0.0,94.3,99.52,101.98,75,62,55,33,43,5,9,0.0,0.0,7.8560066,-7.856006622314453,
94,2020-01-20,0,0,United_Kingdom,UK,66647112.0,Europe,0.0,0,0,0.0,103.22,103.88,109.43,75,48,50,27,39,8,9,0.0,0.0,-23.07539,23.075389862060547,
112,2020-01-21,0,0,United_Kingdom,UK,66647112.0,Europe,0.0,0,0,0.0,107.88,108.0,118.46,75,44,47,29,32,11,8,0.0,0.0,-14.100048,14.100048065185547,
120,2020-01-22,0,0,United_Kingdom,UK,66647112.0,Europe,0.0,0,0,0.0,108.79,110.91,122.92,73,45,50,30,33,9,12,0.0,0.0,-22.98872,22.988719940185547,
141,2020-01-23,0,0,United_Kingdom,UK,66647112.0,Europe,0.0,0,0,0.0,106.41,108.37,122.03,76,45,51,37,35,8,9,0.0,0.0,34.72051,-34.72050857543945,
155,2020-01-24,0,0,United_Kingdom,UK,66647112.0,Europe,0.0,0,0,0.0,113.54,115.49,139.4,87,50,55,30,40,6,6,0.0,0.0,18.016285,-18.016284942626953,
166,2020-01-25,0,0,United_Kingdom,UK,66647112.0,Europe,0.0,0,0,0.0,111.13,118.64,165.49,92,57,67,34,46,5,5,0.0,0.0,39.73662,-39.73662185668945,
169,2020-01-26,0,0,United_Kingdom,UK,66647112.0,Europe,0.0,0,0,0.0,95.33,100.95,97.84,74,55,53,33,47,7,13,0.0,0.0,36.31316,-36.31315994262695,
190,2020-01-27,0,0,United_Kingdom,UK,66647112.0,Europe,0.0,0,0,0.0,101.81,103.81,104.79,73,45,48,28,41,8,3,0.0,0.0,-16.55891,16.558910369873047,
195,2020-01-28,0,0,United_Kingdom,UK,66647112.0,Europe,0.0,0,0,0.0,105.64,105.67,113.53,71,43,46,29,33,7,10,0.0,0.0,-6.2306633,6.230663299560547,
211,2020-01-29,0,0,United_Kingdom,UK,66647112.0,Europe,0.0,0,0,0.0,106.97,109.06,122.36,71,43,45,30,35,11,7,0.0,0.0,3.618824,-3.618824005126953,
232,2020-01-30,0,0,United_Kingdom,UK,66647112.0,Europe,0.0,0,0,0.0,105.43,108.51,119.75,75,42,47,29,34,9,9,0.0,0.0,-3.4513664,3.451366424560547,
238,2020-01-31,0,0,United_Kingdom,UK,66647112.0,Europe,0.0,0,0,0.0,114.55,118.03,143.62,78,45,50,32,33,7,7,0.0,0.0,-3.5178947,3.517894744873047,
256,2020-02-01,2,0,United_Kingdom,UK,66647112.0,Europe,0.00300088,2,0,0.0,112.34,119.31,169.08,87,59,63,34,43,6,8,0.0,0.0,25.389088,-23.389087677001953,
269,2020-02-02,0,0,United_Kingdom,UK,66647112.0,Europe,0.00300088,2,0,0.0,96.88,105.44,103.22,81,61,53,37,45,9,10,0.0,0.0,65.6679,-65.66790008544922,
283,2020-02-03,0,0,United_Kingdom,UK,66647112.0,Europe,0.00300088,2,0,0.0,100.79,104.05,106.76,72,47,48,29,38,8,11,0.0,0.0,-5.3003654,5.300365447998047,
298,2020-02-04,0,0,United_Kingdom,UK,66647112.0,Europe,0.00300088,2,0,0.0,106.62,106.8,115.85,75,48,48,26,34,10,8,0.0,0.0,-37.04536,37.04536056518555,
302,2020-02-05,1,0,United_Kingdom,UK,66647112.0,Europe,0.00450132,3,0,0.0,107.82,109.37,124.21,78,49,49,33,34,10,8,0.0,0.0,11.408009,-10.408008575439453,
315,2020-02-06,0,0,United_Kingdom,UK,66647112.0,Europe,0.00450132,3,0,0.0,107.32,108.48,123.83,80,49,50,30,32,6,7,0.0,0.0,-14.725658,14.725658416748047,
330,2020-02-07,1,0,United_Kingdom,UK,66647112.0,Europe,0.00600176,4,0,0.0,114.77,116.15,142.03,81,48,54,30,36,5,6,0.0,0.0,-19.034863,20.034862518310547,
349,2020-02-08,0,0,United_Kingdom,UK,66647112.0,Europe,0.00600176,4,0,0.0,111.59,122.06,169.55,95,56,64,32,45,6,4,0.0,0.0,43.165577,-43.16557693481445,
351,2020-02-09,0,0,United_Kingdom,UK,66647112.0,Europe,0.00600176,4,0,0.0,95.17,100.52,79.14,75,52,53,32,44,6,12,0.0,0.0,4.2374763,-4.237476348876953,
376,2020-02-10,4,0,United_Kingdom,UK,66647112.0,Europe,0.01200352,8,0,0.0,108.75,106.76,101.55,74,50,51,32,36,8,6,0.0,0.0,-28.533398,32.53339767456055,
389,2020-02-11,1,0,United_Kingdom,UK,66647112.0,Europe,0.01350396,9,0,0.0,108.02,107.86,111.72,78,42,52,32,36,9,8,0.0,0.0,6.6548347,-5.654834747314453,
390,2020-02-12,0,0,United_Kingdom,UK,66647112.0,Europe,0.01350396,9,0,0.0,108.95,110.08,122.43,75,48,54,29,41,6,6,0.0,0.0,-36.67976,36.67975997924805,
408,2020-02-13,1,0,United_Kingdom,UK,66647112.0,Europe,0.015004399999999998,10,0,0.0,109.78,107.83,120.97,77,45,56,29,39,7,8,0.0,0.0,-24.857494,25.857494354248047,
425,2020-02-14,0,0,United_Kingdom,UK,66647112.0,Europe,0.015004399999999998,10,0,0.0,119.65,117.79,153.72,82,50,67,31,32,8,6,0.0,0.0,-66.089424,66.08942413330078,
435,2020-02-15,0,0,United_Kingdom,UK,66647112.0,Europe,0.01200352,10,0,0.0,109.55,119.0,152.82,87,57,65,37,45,5,6,0.0,0.0,28.89983,-28.899829864501953,
446,2020-02-16,0,0,United_Kingdom,UK,66647112.0,Europe,0.01200352,10,0,0.0,101.42,109.71,98.69,75,59,55,35,43,6,9,0.0,0.0,-7.820263,7.820262908935547,
464,2020-02-17,0,0,United_Kingdom,UK,66647112.0,Europe,0.01200352,10,0,0.0,118.6,119.36,128.1,80,59,53,32,38,4,10,0.0,0.0,-32.312206,32.31220626831055,
480,2020-02-18,0,0,United_Kingdom,UK,66647112.0,Europe,0.01200352,10,0,0.0,119.26,118.76,130.01,76,54,54,30,39,5,11,0.0,1.0,-48.26814,48.26813888549805,
486,2020-02-19,0,0,United_Kingdom,UK,66647112.0,Europe,0.01050308,10,0,0.0,121.56,121.93,136.18,77,57,51,34,51,7,8,0.0,1.0,35.013233,-35.01323318481445,
496,2020-02-20,0,0,United_Kingdom,UK,66647112.0,Europe,0.01050308,10,0,0.0,118.33,118.81,131.67,92,51,51,28,39,4,10,0.0,0.0,28.797657,-28.797657012939453,
510,2020-02-21,0,0,United_Kingdom,UK,66647112.0,Europe,0.00900264,10,0,0.0,127.35,126.56,152.89,88,59,57,34,40,7,5,0.0,1.0,8.9929695,-8.992969512939453,
522,2020-02-22,0,0,United_Kingdom,UK,66647112.0,Europe,0.00900264,10,0,0.0,115.64,126.9,169.46,89,60,65,36,41,4,7,0.0,4.0,2.9790535,-2.979053497314453,
545,2020-02-23,1,0,United_Kingdom,UK,66647112.0,Europe,0.01050308,11,0,0.0,101.34,105.46,101.08,76,58,49,33,46,8,7,0.0,0.0,32.250416,-31.250415802001953,
550,2020-02-24,0,0,United_Kingdom,UK,66647112.0,Europe,0.00450132,11,0,0.0,108.75,107.92,104.26,72,42,42,32,37,9,8,0.0,2.0,25.9865,-25.986499786376953,
564,2020-02-25,0,0,United_Kingdom,UK,66647112.0,Europe,0.00300088,11,0,0.0,108.16,108.13,115.57,72,42,42,32,38,11,10,0.0,1.0,42.727833,-42.72783279418945,
580,2020-02-26,2,0,United_Kingdom,UK,66647112.0,Europe,0.00600176,13,0,0.0,109.74,108.85,121.26,73,44,44,28,40,9,10,0.0,19.0,13.601612,-11.601612091064453,
586,2020-02-27,5,0,United_Kingdom,UK,66647112.0,Europe,0.01200352,18,0,0.0,109.6,108.32,119.74,75,46,46,29,36,7,8,0.0,14.0,-4.3018303,9.301830291748047,
603,2020-02-28,4,0,United_Kingdom,UK,66647112.0,Europe,0.01800528,22,0,0.0,122.59,118.5,138.49,84,49,52,28,39,9,3,0.0,22.0,-7.6422844,11.642284393310547,
615,2020-02-29,8,0,United_Kingdom,UK,66647112.0,Europe,0.030008799999999995,30,0,0.0,115.93,118.75,162.75,92,55,63,31,47,7,9,0.0,17.0,53.65874,-45.65874099731445,
636,2020-03-01,12,0,United_Kingdom,UK,66647112.0,Europe,0.04801408,42,0,0.0,100.48,103.74,105.44,78,60,52,35,48,7,10,0.0,34.0,57.846485,-45.84648513793945,
648,2020-03-02,5,0,United_Kingdom,UK,66647112.0,Europe,0.05551628,47,0,0.0,104.64,103.96,107.54,70,47,40,31,42,11,8,0.007108108108108109,46.0,51.558277,-46.55827713012695,
655,2020-03-03,22,0,United_Kingdom,UK,66647112.0,Europe,0.08852597,69,0,0.0,108.34,105.51,114.84,76,43,44,35,51,12,7,0.014216216216216215,32.0,146.71819,-124.71818542480469,
664,2020-03-04,40,0,United_Kingdom,UK,66647112.0,Europe,0.14854357,109,0,1.0,109.59,106.1,116.67,71,44,43,28,58,9,9,0.021324324324324326,58.0,96.63152,-56.63152313232422,
684,2020-03-05,55,0,United_Kingdom,UK,66647112.0,Europe,0.23106778,164,0,2.0,109.18,105.14,110.07,71,43,40,26,43,4,7,0.028432432432432438,36.0,29.103931,25.896068572998047,
687,2020-03-06,56,0,United_Kingdom,UK,66647112.0,Europe,0.31509242,220,0,3.0,118.61,114.68,144.51,80,48,47,29,34,8,5,0.035540540540540545,76.0,9.058033,46.94196701049805,
702,2020-03-07,51,1,United_Kingdom,UK,66647112.0,Europe,0.39161487,271,1,4.0,115.05,118.05,172.59,85,62,58,30,43,4,6,0.04264864864864865,148.0,11.550587,39.44941329956055,
726,2020-03-08,81,1,United_Kingdom,UK,66647112.0,Europe,0.51165008,352,2,5.0,97.9,97.76,101.39,76,56,49,31,48,9,6,0.04975675675675676,191.0,60.403248,20.596752166748047,
732,2020-03-09,60,0,United_Kingdom,UK,66647112.0,Europe,0.60167648,412,2,6.0,101.47,99.0,100.87,67,43,40,29,36,8,6,0.056864864864864875,181.0,44.793507,15.206493377685547,
753,2020-03-10,57,1,United_Kingdom,UK,66647112.0,Europe,0.68720157,469,3,7.0,102.73,99.54,108.28,65,37,38,30,39,10,9,0.06397297297297297,288.0,119.09954,-62.09954071044922,
770,2020-03-11,148,4,United_Kingdom,UK,66647112.0,Europe,0.90626583,617,7,8.0,102.32,95.28,111.71,65,40,36,29,34,7,5,0.07108108108108109,292.0,126.56829,21.43170928955078,
773,2020-03-12,259,0,United_Kingdom,UK,66647112.0,Europe,1.28737761,876,7,9.0,94.18,86.55,102.65,56,36,32,24,30,10,8,0.0781891891891892,212.0,190.68022,68.31977844238281,
800,2020-03-13,406,2,United_Kingdom,UK,66647112.0,Europe,1.89055454,1282,9,10.0,99.62,88.77,117.26,64,37,37,28,34,7,9,0.0852972972972973,374.0,186.94609,219.0539093017578,
810,2020-03-14,484,1,United_Kingdom,UK,66647112.0,Europe,2.60476403,1766,10,11.0,94.11,88.31,132.4,73,43,45,30,47,11,11,0.0924054054054054,403.0,186.4954,297.5045928955078,
834,2020-03-15,478,19,United_Kingdom,UK,66647112.0,Europe,3.30396912,2244,29,12.0,76.22,67.17,73.47,60,43,33,30,50,12,16,0.09951351351351352,672.0,355.09454,122.90545654296875,
838,2020-03-16,361,14,United_Kingdom,UK,66647112.0,Europe,3.8381258000000003,2605,43,13.0,79.05,61.47,75.75,52,31,28,24,33,22,28,0.10662162162162164,657.0,381.83954,-20.83953857421875,
854,2020-03-17,442,22,United_Kingdom,UK,66647112.0,Europe,4.46831064,3047,65,14.0,69.91,49.57,62.55,48,28,26,25,38,21,28,0.11372972972972975,736.0,529.4253,-87.42529296875,
875,2020-03-18,611,17,United_Kingdom,UK,66647112.0,Europe,5.32506195,3658,82,15.0,66.55,43.41,56.11,46,27,24,24,35,64,39,0.12083783783783784,756.0,657.31396,-46.31396484375,
894,2020-03-19,769,34,United_Kingdom,UK,66647112.0,Europe,6.39637619,4427,116,16.0,67.07,41.52,54.04,46,25,22,28,35,77,42,0.12794594594594594,599.0,817.8321,-48.83209228515625,
919,2020-03-20,999,46,United_Kingdom,UK,66647112.0,Europe,7.81129121,5426,162,17.0,68.81,37.97,58.17,56,41,31,32,44,67,55,0.13505405405405407,567.0,852.9254,146.0745849609375,
929,2020-03-21,1055,32,United_Kingdom,UK,66647112.0,Europe,9.31773308,6481,194,18.0,56.73,30.08,52.54,59,38,27,32,65,55,69,0.14216216216216218,1105.0,996.3326,58.66741943359375,
941,2020-03-22,1255,58,United_Kingdom,UK,66647112.0,Europe,11.07924977,7736,252,19.0,46.81,28.1,42.16,55,25,20,37,65,77,97,0.1492702702702703,1030.0,1266.1544,-11.1544189453125,
969,2020-03-23,1198,36,United_Kingdom,UK,66647112.0,Europe,12.78675061,8934,288,20.0,52.26,27.42,45.89,46,17,14,25,65,100,100,0.1563783783783784,1116.0,1266.3206,-68.320556640625,
973,2020-03-24,1378,76,United_Kingdom,UK,66647112.0,Europe,14.76883199,10312,364,21.0,38.31,19.49,37.23,45,13,13,26,77,65,96,0.1634864864864865,1122.0,1791.1034,-413.1033935546875,
992,2020-03-25,2338,148,United_Kingdom,UK,66647112.0,Europe,18.05479583,12650,512,22.0,36.16,17.87,38.72,46,12,13,30,73,49,87,0.1705945945945946,843.0,2236.837,101.1630859375,
1017,2020-03-26,2375,191,United_Kingdom,UK,66647112.0,Europe,21.2297271,15025,703,23.0,35.19,16.97,38.3,47,13,12,33,71,39,80,0.17770270270270272,657.0,2573.5562,-198.55615234375,
1038,2020-03-27,2692,181,United_Kingdom,UK,66647112.0,Europe,24.65973319,17717,884,24.0,36.93,16.56,40.83,50,13,16,30,73,28,59,0.18481081081081085,724.0,2916.5356,-224.53564453125,
1048,2020-03-28,3087,288,United_Kingdom,UK,66647112.0,Europe,28.5653788,20804,1172,25.0,29.6,15.38,37.43,56,13,17,43,82,22,83,0.19191891891891893,1076.0,3248.4844,-161.484375,
1073,2020-03-29,3197,292,United_Kingdom,UK,66647112.0,Europe,32.64507545,24001,1464,26.0,24.72,15.34,29.62,54,15,14,47,84,25,80,0.19902702702702704,880.0,3242.6453,-45.645263671875,
1090,2020-03-30,2822,212,United_Kingdom,UK,66647112.0,Europe,36.33765856,26823,1676,27.0,32.8,16.85,34.55,48,14,14,34,68,34,72,0.20613513513513515,1036.0,2674.2473,147.752685546875,
1098,2020-03-31,2858,374,United_Kingdom,UK,66647112.0,Europe,39.96272187,29681,2050,28.0,34.38,16.4,38.69,52,12,15,36,71,30,69,0.21324324324324329,913.0,3123.1172,-265.1171875,
1115,2020-04-01,4273,403,United_Kingdom,UK,66647112.0,Europe,45.45733355,33954,2453,29.0,34.1,16.0,38.16,52,12,18,43,74,23,65,0.22035135135135134,1105.0,3851.3008,421.69921875,
1140,2020-04-02,4514,672,United_Kingdom,UK,66647112.0,Europe,51.07648175,38468,3125,30.0,34.25,15.91,38.45,50,12,14,43,79,23,65,0.2274594594594595,432.0,3998.0027,515.997314453125,
1144,2020-04-03,4913,657,United_Kingdom,UK,66647112.0,Europe,56.94920434,43381,3782,31.0,37.6,15.53,42.67,58,13,17,43,78,19,58,0.2345675675675676,570.0,4572.9917,340.00830078125,
1165,2020-04-04,4868,736,United_Kingdom,UK,66647112.0,Europe,62.67038248,48249,4518,32.0,31.53,14.41,42.78,60,14,19,44,91,14,51,0.2416756756756757,1224.0,4747.224,120.77587890625,
1192,2020-04-05,4911,756,United_Kingdom,UK,66647112.0,Europe,68.15599152,53160,5274,33.0,27.02,14.81,36.77,52,13,14,47,93,10,65,0.2487837837837838,847.0,4283.697,627.30322265625,
1208,2020-04-06,4020,599,United_Kingdom,UK,66647112.0,Europe,72.3902335,57180,5873,34.0,34.74,15.8,37.16,50,13,12,42,84,12,66,0.25589189189189193,682.0,4111.202,-91.2021484375,
1213,2020-04-07,3592,567,United_Kingdom,UK,66647112.0,Europe,75.7122079,60772,6440,35.0,36.06,15.57,41.7,53,12,15,41,84,15,65,0.263,1010.0,4066.913,-474.9130859375,
1231,2020-04-08,5282,1105,United_Kingdom,UK,66647112.0,Europe,80.12950359,66054,7545,36.0,36.67,15.59,41.69,51,11,16,39,86,15,56,0.273,815.0,4207.9443,1074.0556640625,
1254,2020-04-09,5450,1030,United_Kingdom,UK,66647112.0,Europe,84.74335692,71504,8575,37.0,38.05,15.45,43.55,56,13,16,48,87,10,44,0.28,364.0,4921.282,528.7177734375,
1276,2020-04-10,5131,1116,United_Kingdom,UK,66647112.0,Europe,88.40293035,76635,9691,38.0,34.4,14.92,45.19,66,13,17,45,100,9,50,0.231,320.0,5158.2905,-27.29052734375,
1294,2020-04-11,4858,1122,United_Kingdom,UK,66647112.0,Europe,91.06020978,81493,10813,39.0,31.74,14.17,44.4,59,13,18,43,98,9,42,0.235,969.0,4980.377,-122.376953125,
1304,2020-04-12,4313,843,United_Kingdom,UK,66647112.0,Europe,92.73470094,85806,11656,40.0,24.46,13.5,34.94,55,12,14,48,94,8,52,0.239,769.0,4975.5063,-662.50634765625,
1328,2020-04-13,3579,657,United_Kingdom,UK,66647112.0,Europe,93.87053411,89385,12313,41.0,29.72,15.29,37.14,54,16,15,56,99,12,53,0.239,634.0,3968.6143,-389.6142578125,
1331,2020-04-14,3489,724,United_Kingdom,UK,66647112.0,Europe,94.81731181,92874,13037,42.0,38.71,16.35,45.4,54,11,17,54,92,20,59,0.243,698.0,3815.6616,-326.66162109375,
1352,2020-04-15,4178,1076,United_Kingdom,UK,66647112.0,Europe,94.67477,97052,14113,43.0,40.02,16.64,48.31,53,12,15,51,85,13,49,0.248,584.0,4726.2046,-548.20458984375,
1366,2020-04-16,4326,880,United_Kingdom,UK,66647112.0,Europe,94.39268726,101378,14993,44.0,40.08,16.26,46.97,51,14,15,47,88,15,47,0.253,253.0,4287.2363,38.763671875,
1387,2020-04-17,5065,1036,United_Kingdom,UK,66647112.0,Europe,94.62075416,106443,16029,45.0,41.72,15.65,44.36,62,13,17,57,87,14,35,0.26,272.0,5261.8022,-196.80224609375,
1398,2020-04-18,5292,913,United_Kingdom,UK,66647112.0,Europe,95.25694077,111735,16942,46.0,35.18,14.82,42.18,65,14,21,66,90,14,34,0.268,726.0,5328.6685,-36.66845703125,
1422,2020-04-19,4956,1105,United_Kingdom,UK,66647112.0,Europe,95.32446057,116691,18047,47.0,31.94,15.7,44.39,59,14,16,62,96,21,49,0.278,647.0,4628.7407,327.25927734375,
1447,2020-04-20,4721,432,United_Kingdom,UK,66647112.0,Europe,96.37626909,121412,18479,48.0,39.99,17.27,44.92,55,12,14,48,87,49,52,0.321,458.0,4485.751,235.2490234375,
1454,2020-04-21,3853,570,United_Kingdom,UK,66647112.0,Europe,96.76788396,125265,19049,49.0,41.19,17.05,45.61,55,13,15,58,78,31,47,0.335,579.0,3959.4353,-106.435302734375,
1465,2020-04-22,4854,1224,United_Kingdom,UK,66647112.0,Europe,96.12569559,130119,20273,50.0,42.03,17.04,46.54,57,13,14,64,84,28,42,0.344,275.0,4552.5835,301.41650390625,
1493,2020-04-23,4760,847,United_Kingdom,UK,66647112.0,Europe,95.09039191,134879,21120,51.0,42.36,16.97,46.36,57,13,13,60,94,23,40,0.359,614.0,4586.6104,173.3896484375,
1500,2020-04-24,5487,682,United_Kingdom,UK,66647112.0,Europe,95.62454859,140366,21802,52.0,45.69,16.63,49.85,65,12,17,54,88,22,36,0.374,447.0,5154.6484,332.3515625,
1527,2020-04-25,5158,1010,United_Kingdom,UK,66647112.0,Europe,96.07468063,145524,22812,53.0,39.03,16.37,49.52,69,14,18,62,100,15,41,0.391,352.0,5222.372,-64.3720703125,
1549,2020-04-26,4970,815,United_Kingdom,UK,66647112.0,Europe,97.06046978,150494,23627,54.0,34.9,16.96,44.12,64,14,16,62,99,18,34,0.416,350.0,5108.577,-138.5771484375,
1558,2020-04-27,3748,364,United_Kingdom,UK,66647112.0,Europe,97.31404416,154242,23991,55.0,41.8,17.53,41.46,59,12,13,57,82,31,44,0.409,411.0,4318.552,-570.5517578125,
1573,2020-04-28,3473,320,United_Kingdom,UK,66647112.0,Europe,97.29003711,157715,24311,56.0,41.61,16.65,35.33,56,13,16,65,71,31,37,0.456,67.0,3769.8083,-296.808349609375,
1586,2020-04-29,4706,969,United_Kingdom,UK,66647112.0,Europe,98.08226949,162421,25280,57.0,42.53,16.79,37.8,60,14,15,70,67,25,35,0.55,146.0,4663.926,42.07421875,
1611,2020-04-30,4729,769,United_Kingdom,UK,66647112.0,Europe,98.68694686,167150,26049,58.0,43.52,16.48,37.29,56,14,15,70,77,18,33,0.6659999999999999,500.0,4598.999,130.0009765625,
1634,2020-05-01,5442,634,United_Kingdom,UK,66647112.0,Europe,99.25261278,172592,26683,59.0,47.82,17.21,44.94,62,14,17,69,73,16,30,0.763,328.0,4986.744,455.255859375,
1649,2020-05-02,4966,698,United_Kingdom,UK,66647112.0,Europe,98.7634693,177558,27381,60.0,42.57,17.21,50.01,70,16,20,69,90,10,27,0.835,273.0,5075.223,-109.22314453125,
1665,2020-05-03,4737,584,United_Kingdom,UK,66647112.0,Europe,98.43487292,182295,27965,61.0,36.61,17.71,39.99,66,18,17,74,87,15,37,0.912,291.0,4469.8223,267.177734375,
1685,2020-05-04,3229,253,United_Kingdom,UK,66647112.0,Europe,96.19621627,185524,28218,62.0,44.71,19.24,43.61,55,14,14,56,77,23,36,1.001,220.0,3021.4473,207.552734375,
1689,2020-05-05,2982,272,United_Kingdom,UK,66647112.0,Europe,94.88933294,188506,28490,63.0,46.94,19.2,45.92,63,16,17,58,80,21,30,1.044,379.0,3045.8623,-63.8623046875,
1705,2020-05-06,3389,726,United_Kingdom,UK,66647112.0,Europe,92.69118818,191895,29216,64.0,48.33,19.38,49.36,59,15,17,59,69,16,33,1.061,104.0,3507.8752,-118.875244140625,
1733,2020-05-07,3682,647,United_Kingdom,UK,66647112.0,Europe,91.07371374,195577,29863,65.0,49.14,19.43,50.31,58,17,15,57,79,14,33,1.048,131.0,3159.246,522.75390625,
1751,2020-05-08,3827,458,United_Kingdom,UK,66647112.0,Europe,88.58298316,199404,30321,66.0,44.14,19.1,53.26,63,15,19,53,77,12,32,1.0490000000000002,422.0,3963.6833,-136.683349609375,
1759,2020-05-09,3767,579,United_Kingdom,UK,66647112.0,Europe,86.49587097,203171,30900,67.0,43.57,19.91,55.61,68,17,18,54,90,13,26,1.072,343.0,3750.1577,16.84228515625,
1779,2020-05-10,3063,275,United_Kingdom,UK,66647112.0,Europe,83.63453168,206234,31175,68.0,38.3,19.04,38.68,64,18,18,69,80,15,29,1.083,274.0,3362.5544,-299.554443359375,
1796,2020-05-13,3586,614,United_Kingdom,UK,66647112.0,Europe,77.85033506,214306,32193,71.0,55.21,21.85,50.92,56,18,16,93,70,13,25,1.096,154.0,3578.0603,7.939697265625,
1811,2020-05-14,3402,447,United_Kingdom,UK,66647112.0,Europe,75.85925104,217708,32640,72.0,57.51,21.52,53.86,59,18,15,69,69,14,23,1.106,60.0,3416.5369,-14.536865234375,
1829,2020-05-15,3307,352,United_Kingdom,UK,66647112.0,Europe,72.6558114,221015,32992,73.0,62.85,22.2,60.28,69,19,18,66,74,11,23,1.134,86.0,3580.9985,-273.99853515625,
1847,2020-05-16,2628,350,United_Kingdom,UK,66647112.0,Europe,69.14778243,223643,33342,74.0,59.52,21.64,62.16,72,24,21,68,85,11,23,1.163,249.0,2710.321,-82.321044921875,
1862,2020-05-17,2526,411,United_Kingdom,UK,66647112.0,Europe,65.83030935,226169,33753,75.0,54.31,22.73,54.38,67,24,19,74,88,13,23,1.166,254.0,2331.6682,194.331787109375,
1878,2020-05-18,2079,67,United_Kingdom,UK,66647112.0,Europe,64.10480322,228248,33820,76.0,60.76,25.09,56.37,62,18,16,65,79,18,32,1.158,130.0,2205.4895,-126.489501953125,
1901,2020-05-19,1838,146,United_Kingdom,UK,66647112.0,Europe,62.38829974,230086,33966,77.0,64.52,25.44,61.57,59,19,15,55,69,14,30,1.155,258.0,2276.3857,-438.3857421875,
1923,2020-05-20,2589,500,United_Kingdom,UK,66647112.0,Europe,61.18794765,232675,34466,78.0,68.48,26.88,65.86,57,18,17,58,70,11,25,1.155,143.0,2552.8186,36.181396484375,
1925,2020-05-21,3052,328,United_Kingdom,UK,66647112.0,Europe,60.24267038,235727,34794,79.0,67.05,25.97,61.35,62,17,16,55,75,13,25,1.18,54.0,2644.3813,407.61865234375,
1957,2020-05-22,2718,273,United_Kingdom,UK,66647112.0,Europe,58.5786823,238445,35067,80.0,71.91,25.87,64.7,67,22,19,64,68,11,20,1.172,47.0,2456.451,261.549072265625,
1963,2020-05-23,2574,291,United_Kingdom,UK,66647112.0,Europe,56.78865725,241019,35358,81.0,65.31,24.61,60.98,74,24,20,67,83,8,24,1.154,195.0,2708.8975,-134.8974609375,
1977,2020-05-24,2062,220,United_Kingdom,UK,66647112.0,Europe,55.2867167,243081,35578,82.0,59.17,25.52,58.47,68,26,20,70,86,8,26,1.105,164.0,2164.2732,-102.273193359375,
1994,2020-05-25,1527,379,United_Kingdom,UK,66647112.0,Europe,54.34143943,244608,35957,83.0,69.35,29.77,69.28,63,23,18,59,77,7,30,1.26,76.0,1593.4844,-66.484375,
2023,2020-05-26,1364,104,United_Kingdom,UK,66647112.0,Europe,52.89351473,245972,36061,84.0,73.43,30.33,67.0,65,21,16,48,77,10,22,1.245,131.0,1589.3268,-225.3267822265625,
2035,2020-05-27,1624,131,United_Kingdom,UK,66647112.0,Europe,49.94965123,247596,36192,85.0,74.99,29.7,68.43,64,21,16,61,73,8,24,1.221,107.0,2278.183,-654.18310546875,
2048,2020-05-28,1672,422,United_Kingdom,UK,66647112.0,Europe,47.35388984,249268,36614,86.0,77.58,30.32,70.61,61,18,16,48,74,8,25,1.203,27.0,2163.8938,-491.893798828125,
2074,2020-05-29,1835,343,United_Kingdom,UK,66647112.0,Europe,45.145241999999996,251103,36957,87.0,83.43,31.12,77.09,64,23,17,48,69,7,21,1.227,29.0,1784.3105,50.689453125,
2090,2020-05-30,1760,274,United_Kingdom,UK,66647112.0,Europe,43.84285999,252863,37231,88.0,79.24,31.64,79.38,69,23,18,54,83,6,19,1.248,120.0,1839.2161,-79.216064453125,
2110,2020-05-31,1527,154,United_Kingdom,UK,66647112.0,Europe,42.34392032,254390,37385,89.0,73.45,31.95,66.24,67,25,18,57,77,8,27,1.297,110.0,1201.9886,325.0113525390625,
2114,2020-06-01,1125,60,United_Kingdom,UK,66647112.0,Europe,40.91250045,255515,37445,90.0,77.91,33.84,69.95,60,21,16,42,63,13,27,1.145,67.0,1291.9104,-166.910400390625,
2130,2020-06-02,1079,86,United_Kingdom,UK,66647112.0,Europe,39.77366641,256594,37531,91.0,79.82,33.54,70.56,59,21,17,40,58,13,19,1.193,84.0,1169.5835,-90.58349609375,
2155,2020-06-03,1441,249,United_Kingdom,UK,66647112.0,Europe,38.05116117,258035,37780,92.0,72.16,31.41,58.01,57,19,18,52,55,13,20,1.249,71.0,1294.8403,146.15966796875,
2169,2020-06-04,1484,254,United_Kingdom,UK,66647112.0,Europe,35.69847108,259519,38034,93.0,73.02,29.98,59.11,60,18,18,59,57,12,23,1.272,31.0,1846.6671,-362.6671142578125,
2183,2020-06-05,1356,130,United_Kingdom,UK,66647112.0,Europe,33.65487165,260875,38164,94.0,78.13,30.51,64.24,62,21,18,63,59,11,19,1.28,14.0,1618.5967,-262.5966796875,
2208,2020-06-06,1243,258,United_Kingdom,UK,66647112.0,Europe,31.65778586,262118,38422,95.0,72.35,30.1,61.49,67,25,22,80,74,5,13,1.283,94.0,1367.3444,-124.3443603515625,
2224,2020-06-07,1120,143,United_Kingdom,UK,66647112.0,Europe,30.24437128,263238,38565,96.0,66.08,30.64,54.76,67,26,20,76,71,10,25,1.301,87.0,1260.7445,-140.7445068359375,
2237,2020-06-08,801,54,United_Kingdom,UK,66647112.0,Europe,29.15505176,264039,38619,97.0,73.62,32.26,62.0,61,24,19,56,62,13,19,1.38,99.0,903.8478,-102.8477783203125,
2262,2020-06-09,721,47,United_Kingdom,UK,66647112.0,Europe,28.19026877,264760,38666,98.0,76.72,32.9,65.8,61,22,18,57,60,17,23,1.39,77.0,914.0588,-193.05877685546875,
2272,2020-06-10,1099,195,United_Kingdom,UK,66647112.0,Europe,27.40253771,265859,38861,99.0,74.03,31.49,57.2,61,22,17,66,61,15,18,1.393,40.0,1051.5293,47.470703125,
2283,2020-06-11,1158,164,United_Kingdom,UK,66647112.0,Europe,26.6313115,267017,39025,100.0,75.36,31.4,59.37,63,21,17,59,58,14,20,1.403,31.0,1132.5732,25.4267578125,
2299,2020-06-12,1199,76,United_Kingdom,UK,66647112.0,Europe,25.67703159,268216,39101,101.0,81.78,33.75,66.2,65,22,19,57,58,12,16,1.395,21.0,1083.6608,115.3392333984375,
2317,2020-06-13,1017,131,United_Kingdom,UK,66647112.0,Europe,24.56220459,269233,39232,102.0,84.32,35.18,79.69,72,29,22,62,70,7,17,1.4069999999999998,53.0,991.2253,25.77471923828125,
2344,2020-06-14,1052,107,United_Kingdom,UK,66647112.0,Europe,23.84949553,270285,39339,103.0,75.49,34.78,63.66,70,31,22,65,73,9,22,1.3730000000000002,97.0,829.73047,222.26953125,
2357,2020-06-15,890,27,United_Kingdom,UK,66647112.0,Europe,23.49689211,271175,39366,104.0,80.84,37.08,69.58,60,22,18,50,67,13,20,1.3,41.0,928.5948,-38.59478759765625,
2369,2020-06-16,822,29,United_Kingdom,UK,66647112.0,Europe,23.111279,271997,39395,105.0,81.23,36.49,68.1,62,22,20,57,61,16,19,1.274,49.0,939.5562,-117.55621337890625,
2390,2020-06-17,1043,120,United_Kingdom,UK,66647112.0,Europe,22.51410384,273040,39515,106.0,80.92,35.39,64.65,60,22,19,62,61,12,16,1.244,32.0,1160.2544,-117.25439453125,
2409,2020-06-18,1102,110,United_Kingdom,UK,66647112.0,Europe,21.94093572,274142,39625,107.0,81.1,35.97,61.86,60,22,19,61,59,14,21,1.224,19.0,1044.0153,57.9847412109375,
2421,2020-06-19,1013,67,United_Kingdom,UK,66647112.0,Europe,21.42628476,275155,39692,108.0,89.97,37.94,73.23,67,24,21,56,58,11,14,1.205,11.0,1140.2942,-127.294189453125,
2448,2020-06-20,1027,84,United_Kingdom,UK,66647112.0,Europe,21.10218969,276182,39776,109.0,91.97,39.39,84.9,66,29,24,57,71,5,16,1.171,54.0,945.46204,81.5379638671875,
2453,2020-06-21,986,71,United_Kingdom,UK,66647112.0,Europe,20.90113072,277168,39847,110.0,76.13,35.59,58.25,71,30,26,59,65,6,13,1.15,57.0,941.1533,44.8466796875,
2479,2020-06-22,687,31,United_Kingdom,UK,66647112.0,Europe,20.73008055,277855,39878,111.0,88.42,42.35,74.96,65,25,21,48,57,12,18,1.14,31.0,920.4231,-233.423095703125,
2501,2020-06-23,639,14,United_Kingdom,UK,66647112.0,Europe,20.60704446,278494,39892,112.0,92.99,44.85,78.65,65,27,27,46,58,11,19,1.114,34.0,746.4549,-107.45489501953125,
2504,2020-06-24,896,94,United_Kingdom,UK,66647112.0,Europe,20.30245512,279390,39986,113.0,100.55,47.31,83.82,62,27,25,51,55,8,17,1.123,17.0,819.03033,76.96966552734375,
2535,2020-06-25,886,87,United_Kingdom,UK,66647112.0,Europe,19.89433541,280276,40073,114.0,101.93,47.93,84.24,57,25,23,45,52,8,16,1.22,9.0,811.4668,74.533203125,
2548,2020-06-26,778,99,United_Kingdom,UK,66647112.0,Europe,19.26265012,281054,40172,115.0,100.28,45.78,82.56,63,27,23,49,49,8,15,1.233,10.0,798.94324,-20.9432373046875,
2553,2020-06-27,721,77,United_Kingdom,UK,66647112.0,Europe,18.81851985,281775,40249,116.0,91.02,42.14,73.77,73,30,29,62,61,7,20,1.255,44.0,818.6838,-97.68377685546875,
2584,2020-06-28,671,40,United_Kingdom,UK,66647112.0,Europe,18.24685217,282446,40289,117.0,83.75,41.11,61.46,73,33,28,65,66,10,17,1.271,26.0,694.81726,-23.8172607421875,
2589,2020-06-29,649,31,United_Kingdom,UK,66647112.0,Europe,17.8852461,283095,40320,118.0,88.41,44.37,68.47,65,28,27,51,51,15,22,1.275,24.0,651.0461,-2.04608154296875,
2618,2020-06-30,446,21,United_Kingdom,UK,66647112.0,Europe,17.32108062,283541,40341,119.0,91.88,43.94,72.47,66,28,27,53,50,7,16,1.34,26.0,704.42334,-258.42333984375,
2628,2020-07-01,730,53,United_Kingdom,UK,66647112.0,Europe,16.85144287,284271,40394,120.0,92.64,44.5,74.43,66,27,28,50,56,8,18,1.392,9.0,681.383,48.61700439453125,
2642,2020-07-02,617,97,United_Kingdom,UK,66647112.0,Europe,16.12372941,284888,40491,121.0,93.06,43.87,73.98,65,30,30,52,51,13,18,1.34,11.0,639.012,-22.01202392578125,
2662,2020-07-03,651,41,United_Kingdom,UK,66647112.0,Europe,15.58057009,285539,40532,122.0,100.53,46.38,80.16,70,33,34,49,53,9,17,1.385,10.0,645.7189,5.2811279296875,
2673,2020-07-04,602,49,United_Kingdom,UK,66647112.0,Europe,14.94288305,286141,40581,123.0,97.45,48.22,90.49,84,47,46,58,57,6,11,1.39,25.0,670.9954,-68.99542236328125,
2705,2020-07-05,579,32,United_Kingdom,UK,66647112.0,Europe,14.33220392,286720,40613,124.0,90.18,47.47,72.61,75,49,47,57,64,5,18,1.416,17.0,596.5477,-17.5477294921875,
2715,2020-07-06,401,19,United_Kingdom,UK,66647112.0,Europe,13.90307805,287121,40632,125.0,99.58,51.56,84.18,74,41,41,49,53,8,12,1.413,9.0,595.878,-194.87799072265625,
2725,2020-07-07,555,11,United_Kingdom,UK,66647112.0,Europe,13.77704108,287676,40643,126.0,99.55,50.95,81.68,74,40,39,49,51,11,18,1.42,32.0,619.1622,-64.16217041015625,
2742,2020-07-08,704,54,United_Kingdom,UK,66647112.0,Europe,13.48895658,288380,40697,127.0,98.92,49.83,80.36,69,37,44,48,52,9,15,1.435,15.0,577.45917,126.54083251953125,
2759,2020-07-09,597,57,United_Kingdom,UK,66647112.0,Europe,13.05532939,288977,40754,128.0,100.81,50.8,82.2,72,36,43,47,49,8,15,1.477,8.0,581.51196,15.488037109375,
2776,2020-07-10,693,31,United_Kingdom,UK,66647112.0,Europe,12.92779198,289670,40785,129.0,115.85,54.97,99.1,81,43,43,46,48,10,14,1.506,3.0,663.21204,29.7879638671875,
2801,2020-07-11,715,34,United_Kingdom,UK,66647112.0,Europe,12.91878934,290385,40819,130.0,110.8,55.67,108.62,86,48,49,52,55,5,14,1.571,21.0,699.23395,15.76605224609375,
2824,2020-07-12,565,17,United_Kingdom,UK,66647112.0,Europe,12.75974269,290950,40836,131.0,102.67,52.89,83.1,81,50,49,45,55,10,12,1.59,34.0,604.01984,-39.01983642578125,
2826,2020-07-13,442,9,United_Kingdom,UK,66647112.0,Europe,12.44915159,291392,40845,132.0,104.03,55.77,86.94,72,42,44,50,51,8,10,1.612,0.0,553.8013,-111.80126953125,
2853,2020-07-14,361,10,United_Kingdom,UK,66647112.0,Europe,12.32161418,291753,40855,133.0,105.41,56.01,90.0,78,41,43,60,50,11,14,1.638,20.0,609.3731,-248.37310791015625,
2862,2020-07-15,726,44,United_Kingdom,UK,66647112.0,Europe,12.31561242,292479,40899,134.0,107.6,56.81,91.28,75,42,45,58,50,8,13,1.665,13.0,581.1689,144.83111572265625,
2889,2020-07-16,685,26,United_Kingdom,UK,66647112.0,Europe,12.41764234,293164,40925,135.0,110.53,57.43,95.06,79,44,45,52,47,11,10,1.702,5.0,591.8849,93.1151123046875,
2895,2020-07-17,772,24,United_Kingdom,UK,66647112.0,Europe,12.5991956,293936,40949,136.0,124.73,63.47,109.77,85,47,48,53,46,10,14,1.764,1.0,662.3206,109.67938232421875,
2914,2020-07-18,704,26,United_Kingdom,UK,66647112.0,Europe,12.75224049,294640,40975,137.0,116.82,62.16,115.68,89,52,54,62,63,5,10,1.78,18.0,671.1446,32.85540771484375,
2942,2020-07-19,569,9,United_Kingdom,UK,66647112.0,Europe,12.73723609,295209,40984,138.0,107.58,55.47,83.32,85,71,54,61,60,3,13,1.813,14.0,577.70544,-8.7054443359375,
2956,2020-07-20,493,11,United_Kingdom,UK,66647112.0,Europe,12.87527658,295702,40995,139.0,116.3,61.85,97.35,80,52,48,53,48,7,9,1.836,18.0,564.98956,-71.98956298828125,
2967,2020-07-21,413,10,United_Kingdom,UK,66647112.0,Europe,12.66221408,296115,41005,140.0,115.56,61.77,100.26,80,47,51,52,49,6,13,1.855,12.0,578.1641,-165.16412353515625,
2980,2020-07-22,793,25,United_Kingdom,UK,66647112.0,Europe,12.79575325,296908,41030,141.0,117.52,62.06,100.02,80,46,51,46,53,4,14,1.851,3.0,582.22845,210.77154541015625,
3006,2020-07-23,751,17,United_Kingdom,UK,66647112.0,Europe,13.02682103,297659,41047,142.0,117.69,61.92,98.58,88,67,53,55,51,4,10,1.819,5.0,612.6398,138.3602294921875,
3013,2020-07-24,773,9,United_Kingdom,UK,66647112.0,Europe,13.14685624,298432,41056,143.0,131.36,65.17,112.59,87,81,56,55,51,5,8,1.785,18.0,644.5096,128.49041748046875,
3042,2020-07-25,731,32,United_Kingdom,UK,66647112.0,Europe,13.17086328,299163,41088,144.0,117.8,61.85,109.77,100,92,63,59,59,4,11,1.79,13.0,645.0262,85.97381591796875,
3062,2020-07-26,667,15,United_Kingdom,UK,66647112.0,Europe,13.32390817,299830,41103,145.0,109.42,59.2,86.04,87,100,59,57,56,7,12,1.798,20.0,629.5796,37.42041015625,
3078,2020-07-27,421,8,United_Kingdom,UK,66647112.0,Europe,13.29239893,300251,41111,146.0,115.66,62.84,90.66,79,52,54,56,49,5,18,1.7919999999999998,18.0,561.8598,-140.85980224609375,
3088,2020-07-28,371,3,United_Kingdom,UK,66647112.0,Europe,13.30740333,300622,41114,147.0,119.55,64.67,102.17,81,51,59,54,46,3,12,1.811,11.0,543.9808,-172.98077392578125,
3106,2020-07-29,70,21,United_Kingdom,UK,66647112.0,Europe,12.32311462,300692,41135,148.0,122.65,66.17,106.74,82,48,60,48,47,6,10,1.836,3.0,544.6015,-474.60150146484375,
3120,2020-07-30,763,34,United_Kingdom,UK,66647112.0,Europe,12.44014894,301455,41169,149.0,127.98,67.46,108.47,81,45,55,42,49,3,11,1.879,5.0,557.4308,205.5692138671875,
3143,2020-07-31,846,0,United_Kingdom,UK,66647112.0,Europe,12.55118151,302301,41169,150.0,144.44,70.66,121.49,86,45,58,41,43,2,7,1.891,3.0,570.1606,275.83941650390625,
3158,2020-08-01,880,20,United_Kingdom,UK,66647112.0,Europe,12.81525897,303181,41189,151.0,126.56,67.46,126.9,92,55,67,46,50,4,10,1.884,12.0,619.0968,260.9031982421875,
3167,2020-08-02,771,13,United_Kingdom,UK,66647112.0,Europe,13.11834787,303952,41202,152.0,116.57,63.82,94.31,90,64,69,59,54,5,12,1.924,127.0,558.2541,212.74591064453125,212.74591064453125
3183,2020-08-03,743,5,United_Kingdom,UK,66647112.0,Europe,13.4934579,304695,41207,153.0,125.08,68.46,108.17,89,60,97,45,49,6,15,2.01,127.0,450.18597,292.81402587890625,505.5599365234375
3213,2020-08-04,928,1,United_Kingdom,UK,66647112.0,Europe,14.26618456,305623,41208,154.0,123.05,68.36,108.71,88,53,90,43,46,7,11,2.033,127.0,444.22052,483.77947998046875,989.3394165039062
3225,2020-08-05,670,18,United_Kingdom,UK,66647112.0,Europe,14.08163042,306293,41226,155.0,125.79,70.42,112.35,89,55,87,39,44,7,12,2.0540000000000003,127.0,450.20734,219.79266357421875,1209.132080078125
3247,2020-08-06,891,14,United_Kingdom,UK,66647112.0,Europe,14.29169204,307184,41240,156.0,129.05,70.74,111.61,81,51,63,46,43,5,8,2.073,127.0,500.92596,390.07403564453125,1599.2061157226562
3260,2020-08-07,950,18,United_Kingdom,UK,66647112.0,Europe,14.55726994,308134,41258,157.0,144.54,73.56,121.97,81,46,59,38,47,6,7,2.092,127.0,539.2199,410.78009033203125,2009.9862060546875
3278,2020-08-08,871,12,United_Kingdom,UK,66647112.0,Europe,14.76733155,309005,41270,158.0,131.09,71.23,131.72,94,55,69,44,52,9,9,2.125,127.0,627.35425,243.645751953125,2253.6319580078125
3297,2020-08-09,758,3,United_Kingdom,UK,66647112.0,Europe,14.903871599999999,309763,41273,159.0,120.1,66.36,95.56,91,66,75,47,55,7,8,2.185,127.0,526.03485,231.96514892578125,2485.5971069335938
3307,2020-08-10,1062,5,United_Kingdom,UK,66647112.0,Europe,15.86565371,310825,41278,160.0,130.47,72.81,111.93,82,55,90,40,48,9,11,2.213,127.0,443.33905,618.6609497070312,3104.258056640625
3326,2020-08-11,816,18,United_Kingdom,UK,66647112.0,Europe,16.53334956,311641,41296,161.0,126.58,71.0,113.78,92,57,90,38,47,7,8,2.226,127.0,450.98236,365.01763916015625,3469.2756958007812
3339,2020-08-12,1148,13,United_Kingdom,UK,66647112.0,Europe,18.150824,312789,41309,162.0,125.43,69.71,110.64,86,54,83,38,42,8,13,2.26,127.0,463.1258,684.8742065429688,4154.14990234375
3352,2020-08-13,1009,20,United_Kingdom,UK,66647112.0,Europe,18.51993227,313798,41329,163.0,125.42,70.8,104.49,83,48,60,42,43,8,8,2.254,127.0,498.99768,510.0023193359375,4664.1522216796875
3383,2020-08-14,1129,18,United_Kingdom,UK,66647112.0,Europe,18.94455682,314927,41347,164.0,140.28,72.51,116.68,88,52,62,47,41,6,7,2.278,127.0,534.01666,594.9833374023438,5259.135559082031
3393,2020-08-15,1440,11,United_Kingdom,UK,66647112.0,Europe,19.78480328,316367,41358,165.0,126.58,70.12,127.19,97,63,71,47,49,7,8,2.337,127.0,600.3335,839.66650390625,6098.802062988281
3415,2020-08-16,1077,3,United_Kingdom,UK,66647112.0,Europe,20.24393795,317444,41361,166.0,112.6,65.03,89.67,88,70,78,51,52,8,10,2.359,127.0,499.27606,577.7239379882812,6676.5260009765625
3420,2020-08-17,1040,5,United_Kingdom,UK,66647112.0,Europe,20.68956866,318484,41366,167.0,126.32,74.05,110.5,88,60,92,44,46,7,13,2.3680000000000003,127.0,445.76825,594.2317504882812,7270.757751464844
3441,2020-08-18,713,3,United_Kingdom,UK,66647112.0,Europe,20.36697404,319197,41369,168.0,126.56,75.04,116.2,89,61,96,41,45,7,7,2.38,127.0,408.8327,304.16729736328125,7574.925048828125
3464,2020-08-19,1089,12,United_Kingdom,UK,66647112.0,Europe,20.99565845,320286,41381,169.0,126.68,73.52,109.25,89,62,94,44,43,8,10,2.38,127.0,425.9527,663.0473022460938,8237.972351074219
